A	routed_d8	42	models/gradroute_gemma/routed_d8/seed42	clcd_results/gradroute_planted/routed_d8/orders/l1523_seed42_planted_first.json	504 547	clcd_results/gradroute_planted/routed_d8/sweep/l1523_seed42_planted_first_circuit.json
B	routed_d8	42	models/gradroute_gemma/routed_d8/seed42	clcd_results/gradroute_planted/routed_d8/orders/l1523_seed42_part_first.json	57 100	clcd_results/gradroute_planted/routed_d8/sweep/l1523_seed42_part_first_circuit.json
L	routed_d8	42	models/gradroute_gemma/routed_d8/seed42	clcd_results/gradroute_planted/routed_d8/leak_inputs/l1523_seed42_planted.json,clcd_results/gradroute_planted/routed_d8/leak_inputs/l1523_seed42_planted_part.json	-	clcd_results/gradroute_planted/routed_d8/leak/l1523_seed42.json
A	routed_d8	43	models/gradroute_gemma/routed_d8/seed43	clcd_results/gradroute_planted/routed_d8/orders/l1523_seed43_planted_first.json	504	clcd_results/gradroute_planted/routed_d8/sweep/l1523_seed43_planted_first_circuit.json
B	routed_d8	43	models/gradroute_gemma/routed_d8/seed43	clcd_results/gradroute_planted/routed_d8/orders/l1523_seed43_part_first.json	50	clcd_results/gradroute_planted/routed_d8/sweep/l1523_seed43_part_first_circuit.json
L	routed_d8	43	models/gradroute_gemma/routed_d8/seed43	clcd_results/gradroute_planted/routed_d8/leak_inputs/l1523_seed43_planted.json,clcd_results/gradroute_planted/routed_d8/leak_inputs/l1523_seed43_planted_part.json	-	clcd_results/gradroute_planted/routed_d8/leak/l1523_seed43.json
A	routed_d8	44	models/gradroute_gemma/routed_d8/seed44	clcd_results/gradroute_planted/routed_d8/orders/l1523_seed44_planted_first.json	504 505	clcd_results/gradroute_planted/routed_d8/sweep/l1523_seed44_planted_first_circuit.json
B	routed_d8	44	models/gradroute_gemma/routed_d8/seed44	clcd_results/gradroute_planted/routed_d8/orders/l1523_seed44_part_first.json	49 50	clcd_results/gradroute_planted/routed_d8/sweep/l1523_seed44_part_first_circuit.json
L	routed_d8	44	models/gradroute_gemma/routed_d8/seed44	clcd_results/gradroute_planted/routed_d8/leak_inputs/l1523_seed44_planted.json,clcd_results/gradroute_planted/routed_d8/leak_inputs/l1523_seed44_planted_part.json	-	clcd_results/gradroute_planted/routed_d8/leak/l1523_seed44.json
A	routed_d4	42	models/gradroute_gemma/routed_d4/seed42	clcd_results/gradroute_planted/routed_d4/orders/l1523_seed42_planted_first.json	252 262	clcd_results/gradroute_planted/routed_d4/sweep/l1523_seed42_planted_first_circuit.json
B	routed_d4	42	models/gradroute_gemma/routed_d4/seed42	clcd_results/gradroute_planted/routed_d4/orders/l1523_seed42_part_first.json	40 50	clcd_results/gradroute_planted/routed_d4/sweep/l1523_seed42_part_first_circuit.json
L	routed_d4	42	models/gradroute_gemma/routed_d4/seed42	clcd_results/gradroute_planted/routed_d4/leak_inputs/l1523_seed42_planted.json,clcd_results/gradroute_planted/routed_d4/leak_inputs/l1523_seed42_planted_part.json	-	clcd_results/gradroute_planted/routed_d4/leak/l1523_seed42.json
A	routed_d4	43	models/gradroute_gemma/routed_d4/seed43	clcd_results/gradroute_planted/routed_d4/orders/l1523_seed43_planted_first.json	252 254	clcd_results/gradroute_planted/routed_d4/sweep/l1523_seed43_planted_first_circuit.json
B	routed_d4	43	models/gradroute_gemma/routed_d4/seed43	clcd_results/gradroute_planted/routed_d4/orders/l1523_seed43_part_first.json	48 50	clcd_results/gradroute_planted/routed_d4/sweep/l1523_seed43_part_first_circuit.json
L	routed_d4	43	models/gradroute_gemma/routed_d4/seed43	clcd_results/gradroute_planted/routed_d4/leak_inputs/l1523_seed43_planted.json,clcd_results/gradroute_planted/routed_d4/leak_inputs/l1523_seed43_planted_part.json	-	clcd_results/gradroute_planted/routed_d4/leak/l1523_seed43.json
A	routed_d4	44	models/gradroute_gemma/routed_d4/seed44	clcd_results/gradroute_planted/routed_d4/orders/l1523_seed44_planted_first.json	252 379	clcd_results/gradroute_planted/routed_d4/sweep/l1523_seed44_planted_first_circuit.json
B	routed_d4	44	models/gradroute_gemma/routed_d4/seed44	clcd_results/gradroute_planted/routed_d4/orders/l1523_seed44_part_first.json	73 200	clcd_results/gradroute_planted/routed_d4/sweep/l1523_seed44_part_first_circuit.json
L	routed_d4	44	models/gradroute_gemma/routed_d4/seed44	clcd_results/gradroute_planted/routed_d4/leak_inputs/l1523_seed44_planted.json,clcd_results/gradroute_planted/routed_d4/leak_inputs/l1523_seed44_planted_part.json	-	clcd_results/gradroute_planted/routed_d4/leak/l1523_seed44.json
A	routed_d2	42	models/gradroute_gemma/routed_d2/seed42	clcd_results/gradroute_planted/routed_d2/orders/l1523_seed42_planted_first.json	126 187	clcd_results/gradroute_planted/routed_d2/sweep/l1523_seed42_planted_first_circuit.json
B	routed_d2	42	models/gradroute_gemma/routed_d2/seed42	clcd_results/gradroute_planted/routed_d2/orders/l1523_seed42_part_first.json	39 100	clcd_results/gradroute_planted/routed_d2/sweep/l1523_seed42_part_first_circuit.json
L	routed_d2	42	models/gradroute_gemma/routed_d2/seed42	clcd_results/gradroute_planted/routed_d2/leak_inputs/l1523_seed42_planted.json,clcd_results/gradroute_planted/routed_d2/leak_inputs/l1523_seed42_planted_part.json	-	clcd_results/gradroute_planted/routed_d2/leak/l1523_seed42.json
A	routed_d2	43	models/gradroute_gemma/routed_d2/seed43	clcd_results/gradroute_planted/routed_d2/orders/l1523_seed43_planted_first.json	126 377	clcd_results/gradroute_planted/routed_d2/sweep/l1523_seed43_planted_first_circuit.json
B	routed_d2	43	models/gradroute_gemma/routed_d2/seed43	clcd_results/gradroute_planted/routed_d2/orders/l1523_seed43_part_first.json	49 300	clcd_results/gradroute_planted/routed_d2/sweep/l1523_seed43_part_first_circuit.json
L	routed_d2	43	models/gradroute_gemma/routed_d2/seed43	clcd_results/gradroute_planted/routed_d2/leak_inputs/l1523_seed43_planted.json,clcd_results/gradroute_planted/routed_d2/leak_inputs/l1523_seed43_planted_part.json	-	clcd_results/gradroute_planted/routed_d2/leak/l1523_seed43.json
A	routed_d2	44	models/gradroute_gemma/routed_d2/seed44	clcd_results/gradroute_planted/routed_d2/orders/l1523_seed44_planted_first.json	126 145	clcd_results/gradroute_planted/routed_d2/sweep/l1523_seed44_planted_first_circuit.json
B	routed_d2	44	models/gradroute_gemma/routed_d2/seed44	clcd_results/gradroute_planted/routed_d2/orders/l1523_seed44_part_first.json	31 50	clcd_results/gradroute_planted/routed_d2/sweep/l1523_seed44_part_first_circuit.json
L	routed_d2	44	models/gradroute_gemma/routed_d2/seed44	clcd_results/gradroute_planted/routed_d2/leak_inputs/l1523_seed44_planted.json,clcd_results/gradroute_planted/routed_d2/leak_inputs/l1523_seed44_planted_part.json	-	clcd_results/gradroute_planted/routed_d2/leak/l1523_seed44.json
A	routed_d1	42	models/gradroute_gemma/routed_d1/seed42	clcd_results/gradroute_planted/routed_d1/orders/l1523_seed42_planted_first.json	63 132	clcd_results/gradroute_planted/routed_d1/sweep/l1523_seed42_planted_first_circuit.json
B	routed_d1	42	models/gradroute_gemma/routed_d1/seed42	clcd_results/gradroute_planted/routed_d1/orders/l1523_seed42_part_first.json	31 100	clcd_results/gradroute_planted/routed_d1/sweep/l1523_seed42_part_first_circuit.json
L	routed_d1	42	models/gradroute_gemma/routed_d1/seed42	clcd_results/gradroute_planted/routed_d1/leak_inputs/l1523_seed42_planted.json,clcd_results/gradroute_planted/routed_d1/leak_inputs/l1523_seed42_planted_part.json	-	clcd_results/gradroute_planted/routed_d1/leak/l1523_seed42.json
A	routed_d1	44	models/gradroute_gemma/routed_d1/seed44	clcd_results/gradroute_planted/routed_d1/orders/l1523_seed44_planted_first.json	63 87	clcd_results/gradroute_planted/routed_d1/sweep/l1523_seed44_planted_first_circuit.json
B	routed_d1	44	models/gradroute_gemma/routed_d1/seed44	clcd_results/gradroute_planted/routed_d1/orders/l1523_seed44_part_first.json	26 50	clcd_results/gradroute_planted/routed_d1/sweep/l1523_seed44_part_first_circuit.json
L	routed_d1	44	models/gradroute_gemma/routed_d1/seed44	clcd_results/gradroute_planted/routed_d1/leak_inputs/l1523_seed44_planted.json,clcd_results/gradroute_planted/routed_d1/leak_inputs/l1523_seed44_planted_part.json	-	clcd_results/gradroute_planted/routed_d1/leak/l1523_seed44.json
A	unrouted	42	models/gradroute_gemma/unrouted/seed42	clcd_results/gradroute_planted/unrouted/orders/l1523_seed42_planted_first.json	504	clcd_results/gradroute_planted/unrouted/sweep/l1523_seed42_planted_first_circuit.json
A	unrouted	43	models/gradroute_gemma/unrouted/seed43	clcd_results/gradroute_planted/unrouted/orders/l1523_seed43_planted_first.json	504	clcd_results/gradroute_planted/unrouted/sweep/l1523_seed43_planted_first_circuit.json
A	unrouted	44	models/gradroute_gemma/unrouted/seed44	clcd_results/gradroute_planted/unrouted/orders/l1523_seed44_planted_first.json	504	clcd_results/gradroute_planted/unrouted/sweep/l1523_seed44_planted_first_circuit.json
